,male,male,male,male,male,male,male,male,male,female,female,female,female,female,female,female,female,female,total,total,total,total,total,total,total,total,total
,0_19,20_29,30_39,40_49,50_59,60_69,70_79,80_99,total,0_19,20_29,30_39,40_49,50_59,60_69,70_79,80_99,total,0_19,20_29,30_39,40_49,50_59,60_69,70_79,80_99,total
2009-01-01,33.36074960957834,208.25195210827695,273.96251952108275,326.53097345132744,456.94117647058823,355.84799583550233,178.93492972410203,108.1697032795419,1942.0,12.015665796344647,98.12793733681463,134.17493472584857,97.1266318537859,115.15013054830287,132.1723237597911,100.13054830287206,78.1018276762402,767.0,45.37641540592299,306.3798894450916,408.1374542469313,423.65760530511335,572.0913070188911,488.0203195952935,279.0654780269741,186.2715309557821,2709.0
2009-02-01,19.09833237492812,180.93156986774008,273.40770557791836,279.438757906843,404.08050603795283,347.7906843013226,159.82288671650375,83.42955721679125,1747.9999999999998,15.105337078651685,83.58286516853933,103.72331460674157,103.72331460674157,119.83567415730337,129.9058988764045,96.67415730337079,64.4494382022472,717.0,34.203669453579806,264.5144350362794,377.1310201846599,383.1620725135846,523.9161801952562,477.6965831777271,256.4970440198745,147.87899541903846,2465.0
2009-03-01,30.319715808170514,247.61101243339255,372.9325044404973,396.1776198934281,500.2753108348135,424.4760213143872,191.01420959147424,113.1936056838366,2276.0000000000005,15.018050541516246,118.14199759326114,117.14079422382672,118.14199759326114,122.1468110709988,140.1684717208183,117.14079422382672,84.10108303249098,832.0,45.33776634968676,365.75301002665367,490.07329866432406,514.3196174866893,622.4221219058123,564.6444930352055,308.155003815301,197.29468871632758,3108.0000000000005
2009-04-01,43.281967213114754,219.42950819672132,302.9737704918033,398.5967213114754,454.9639344262295,392.55737704918033,206.34426229508196,130.85245901639345,2149.0,29.03310502283105,92.10502283105023,116.1324200913242,114.13013698630137,158.18036529680364,146.16666666666666,127.14497716894977,94.10730593607306,877.0,72.3150722359458,311.53453102777155,419.1061905831275,512.7268582977767,613.1442997230331,538.724043715847,333.4892394640317,224.95976495246651,3026.0
2009-05-01,20.104712041884817,217.13089005235602,315.64397905759165,352.83769633507853,483.5183246073298,397.0680628272251,213.10994764397907,112.58638743455498,2112.0,22.052505966587113,87.20763723150358,120.28639618138425,110.26252983293556,114.27207637231504,160.381861575179,127.30310262529832,98.23389021479714,840.0,42.15721800847193,304.3385272838596,435.9303752389759,463.1002261680141,597.7904009796448,557.4499244024041,340.4130502692774,210.82027764935214,2952.0
2009-06-01,33.1840770791075,190.05425963488844,282.56744421906694,325.8073022312373,460.5547667342799,371.0583164300203,208.15466531440163,111.61916835699797,1983.0,14.084235860409146,71.4271961492178,123.74007220216606,108.64981949458483,103.61973525872443,142.8543922984356,146.87845968712395,124.74608904933815,836.0,47.26831293951665,261.48145578410623,406.307516421233,434.45712172582216,564.1745019930044,513.9127087284559,355.0331250015256,236.36525740633613,2819.0
2009-07-01,33.236317135549875,213.51815856777495,250.7831202046036,349.4849104859335,393.8,371.6424552429668,237.69002557544758,118.84501278772379,1969.0000000000002,24.08888888888889,100.37037037037037,123.45555555555555,97.35925925925926,111.41111111111111,144.53333333333333,119.44074074074074,92.34074074074074,813.0,57.325206024438764,313.8885289381453,374.23867576015914,446.84416974519274,505.2111111111111,516.1757885763001,357.1307663161883,211.18575352846455,2782.0
2009-08-01,37.24625623960067,190.25790349417636,261.73044925124793,288.910149750416,403.6688851913477,311.0565723793677,192.2712146422629,129.8585690515807,1815.0,19.0,78.0,98.0,88.0,108.0,119.0,105.0,95.0,710.0,56.24625623960067,268.2579034941764,359.73044925124793,376.910149750416,511.6688851913477,430.0565723793677,297.27121464226286,224.8585690515807,2525.0
2009-09-01,20.14697569248163,190.38892029395137,293.13849632560766,311.27077444884117,337.4618428490673,344.51328434143585,175.27868852459017,109.80101752402487,1782.0000000000002,16.021621621621623,72.0972972972973,103.1391891891892,102.13783783783784,98.13243243243244,130.17567567567568,112.15135135135135,107.1445945945946,741.0,36.16859731410325,262.48621759124865,396.2776855147969,413.408612286679,435.59427528149973,474.6889600171115,287.43003987594153,216.94561211861947,2523.0
2009-10-01,28.302624806999486,196.09675759135357,282.01544004117346,330.5342254246011,418.47452393206385,365.9125064333505,223.38857436953165,119.2753474009264,1964.0,19.0935960591133,95.4679802955665,99.48768472906404,118.58128078817734,121.5960591133005,143.70443349753694,123.60591133004927,94.46305418719211,816.0,47.396220866112785,291.56473788692006,381.5031247702375,449.1155062127784,540.0705830453644,509.6169399308874,346.99448569958093,213.7384015881185,2780.0
2009-11-01,34.074848651623554,184.40506329113924,274.60319207484866,330.7264722069345,423.9312052834342,305.6714364336819,178.39185470555861,89.19592735277931,1821.0,9.012747875354108,80.11331444759207,88.12464589235128,95.13456090651557,104.14730878186968,130.18413597733712,103.14589235127478,97.13739376770538,707.0,43.08759652697766,264.5183777387313,362.72783796719995,425.86103311345005,528.0785140653039,435.855572411019,281.5377470568334,186.3333211204847,2528.0
2009-12-01,28.07782101167315,185.5141745414119,292.81156197887714,339.9421901056142,394.0922734852696,322.89494163424126,156.4335742078933,84.23346303501945,1803.9999999999998,12.0,77.0,109.0,92.0,101.0,140.0,86.0,74.0,691.0,40.07782101167315,262.5141745414119,401.81156197887714,431.9421901056142,495.0922734852696,462.89494163424126,242.4335742078933,158.23346303501944,2495.0
2010-01-01,46.30700778642937,182.20800889877643,297.9755283648498,364.41601779755285,380.52280311457173,318.1090100111235,142.94771968854283,77.51390433815351,1810.0,13.018335684062059,65.0916784203103,119.16784203102962,100.1410437235543,112.15796897038082,129.18194640338504,100.1410437235543,71.10014104372355,709.9999999999999,59.325343470491426,247.29968731908673,417.14337039587946,464.55706152110713,492.68077208495254,447.2909564145085,243.08876341209714,148.61404538187708,2520.0
2010-02-01,27.075928008998876,208.5849268841395,281.7902137232846,297.8352080989876,377.05736782902136,339.9533183352081,163.4583802024747,87.24465691788527,1783.0,14.04093567251462,61.17836257309941,105.30701754385964,93.2719298245614,122.35672514619883,115.33625730994152,100.29239766081871,74.21637426900585,686.0,41.11686368151349,269.7632894572389,387.09723126714425,391.107137923549,499.41409297522017,455.2895756451496,263.7507778632934,161.46103118689112,2469.0
2010-03-01,26.1840490797546,231.62812647475224,315.21566776781503,392.76073619631904,455.1996224634261,429.01557338367155,179.26002831524303,104.7361963190184,2134.0,16.02064516129032,89.11483870967741,106.13677419354839,106.13677419354839,125.16129032258064,150.19354838709677,109.14064516129032,74.09548387096774,776.0,42.20469424104492,320.74296518442964,421.3524419613634,498.8975103898674,580.3609127860068,579.2091217707683,288.40067347653337,178.83168018998614,2910.0
2010-04-01,26.14246575342466,218.18904109589042,283.5452054794521,314.7150684931507,401.18630136986303,332.81369863013697,171.93698630136987,86.47123287671234,1835.0,19.076,73.292,106.424,93.372,105.42,120.48,131.524,103.412,753.0,45.21846575342466,291.4810410958904,389.96920547945206,408.0870684931507,506.60630136986305,453.293698630137,303.46098630136987,189.88323287671233,2588.0
2010-05-01,31.259007832898174,183.5206266318538,261.16396866840734,355.94934725848566,405.3587467362924,387.2083550913838,195.62088772845954,110.91906005221932,1931.0,19.07261146496815,66.25222929936305,103.3936305732484,106.40509554140128,91.34777070063694,163.62292993630572,126.48152866242039,111.42420382165605,788.0,50.331619297866325,249.77285593121684,364.55759924165574,462.35444279988695,496.70651743692935,550.8312850276895,322.1024163908799,222.34326387387537,2719.0
2010-06-01,35.1854795972443,206.08638049814522,264.39374668786434,332.7541070482247,387.0402755696873,348.83889772125065,216.13937466878644,106.56173820879704,1897.0,22.0,81.0,120.0,108.0,115.0,151.0,133.0,125.0,855.0,57.1854795972443,287.0863804981452,384.39374668786434,440.7541070482247,502.0402755696873,499.83889772125065,349.13937466878644,231.56173820879704,2752.0
2010-07-01,29.133709016393443,190.87602459016392,301.3831967213115,353.62295081967216,372.7105532786885,370.7013319672131,215.99129098360655,126.58094262295081,1960.9999999999998,18.061714285714285,75.25714285714285,113.38742857142857,120.41142857142857,137.46971428571428,155.53142857142856,135.46285714285713,122.41828571428572,878.0,47.19542330210773,266.1331674473068,414.7706252927401,474.03437939110074,510.1802675644028,526.2327605386416,351.4541481264637,248.99922833723653,2839.0
2010-08-01,25.188843695525858,198.48808832074374,232.74491574665893,274.0546194073213,339.54561301568856,329.47007553747824,212.59384079023823,121.91400348634515,1733.9999999999998,11.0,71.0,124.0,121.0,105.0,161.0,111.0,98.0,802.0,36.18884369552586,269.4880883207437,356.74491574665893,395.0546194073213,444.54561301568856,490.47007553747824,323.59384079023823,219.91400348634517,2536.0
2010-09-01,34.27562246670527,183.47539085118703,252.02663578459757,288.31847133757964,342.7562246670527,337.7156919513607,176.4186450492183,126.01331789229879,1741.0,16.0,75.0,94.0,121.0,106.0,132.0,111.0,108.0,763.0,50.27562246670527,258.47539085118706,346.0266357845976,409.31847133757964,448.7562246670527,469.7156919513607,287.4186450492183,234.0133178922988,2504.0
2010-10-01,23.24672228843862,198.10250297973778,235.4994040524434,289.0679380214541,345.66865315852203,305.23957091775924,189.00595947556616,110.16924910607867,1696.0,14.018970189701896,67.09078590785907,115.15582655826559,104.14092140921409,96.130081300813,141.1910569105691,118.15989159891599,83.11246612466125,739.0000000000001,37.265692478140515,265.19328888759685,350.655230610709,393.2088594306682,441.79873445933504,446.43062782832834,307.16585107448213,193.2817152307399,2435.0
2010-11-01,30.17098445595855,199.12849740932643,279.5844559585492,320.8181347150259,414.3481865284974,363.05751295336785,243.37927461139896,90.51295336787565,1941.0000000000002,14.064073226544622,81.37070938215103,123.5629290617849,126.5766590389016,146.66819221967964,166.75972540045765,118.5400457665904,100.45766590389016,878.0000000000001,44.23505768250317,280.4992067914775,403.1473850203341,447.3947937539275,561.0163787481771,529.8172383538255,361.9193203779894,190.97061927176583,2819.0000000000005
2010-12-01,33.161270616982286,156.7623701893708,258.25595601710444,276.3439218081857,354.7251069028711,310.5100794135614,166.81124007330482,88.43005497861942,1645.0,10.01338688085676,74.09906291834002,102.13654618473896,106.14190093708166,107.14323962516734,148.19812583668005,104.13922356091031,96.1285140562249,748.0,43.17465749783905,230.86143310771084,360.3925022018434,382.48582274526734,461.86834652803844,458.70820525024146,270.9504636342151,184.5585690348443,2393.0
2011-01-01,30.13470173187941,168.75432969852469,233.04169339320077,280.2527261064785,336.5041693393201,274.2257857601026,161.7228992944195,81.3636946760744,1565.9999999999998,15.040485829959515,79.2132253711201,104.28070175438596,110.29689608636977,115.31039136302294,145.39136302294196,102.2753036437247,71.19163292847503,743.0,45.175187561838925,247.9675550696448,337.32239514758675,390.5496221928483,451.814560702343,419.61714878304457,263.99820293814423,152.55532760454943,2309.0
2011-02-01,15.120967741935484,155.24193548387098,242.94354838709677,260.0806451612903,297.3790322580645,308.46774193548384,144.15322580645162,76.61290322580645,1500.0,14.021739130434783,59.0916149068323,102.1583850931677,83.12888198757764,93.1444099378882,121.18788819875776,93.1444099378882,79.12267080745342,645.0,29.14270687237027,214.33355039070327,345.10193348026445,343.20952714886795,390.5234421959527,429.6556301342416,237.2976357443398,155.73557403325987,2145.0
2011-03-01,27.171775592828226,197.24696356275302,263.66685945633316,307.9467900520532,354.23944476576054,338.13765182186233,165.04337767495662,86.54713707345286,1740.0,12.034139402560456,66.1877667140825,91.25889046941678,115.3271692745377,115.3271692745377,131.37268847795164,88.25035561877667,85.24182076813656,705.0,39.20591499538868,263.4347302768355,354.9257499257499,423.2739593265909,469.56661404029825,469.51034029981395,253.29373329373328,171.78895784158942,2445.0
2011-04-01,43.35400658616904,179.46542261251372,251.04994511525797,320.6180021953897,389.17782656421514,364.980241492865,192.57244785949507,95.7821075740944,1837.0,14.016786570743406,92.11031175059952,114.13669064748201,104.12470023980815,137.1642685851319,127.15227817745803,146.17505995203837,100.1199040767386,835.0,57.37079315691245,271.57573436311327,365.18663576273997,424.7427024351978,526.3420951493471,492.132519670323,338.7475078115334,195.902011650833,2672.0
2011-05-01,50.17921146953405,236.84587813620072,361.2903225806452,385.3763440860215,438.5663082437276,413.47670250896056,238.8530465949821,115.41218637992831,2240.0,21.038745387453876,136.2509225092251,170.31365313653137,152.28044280442805,142.2619926199262,175.3228782287823,150.27675276752768,138.25461254612546,1086.0,71.21795685698793,373.0968006454258,531.6039757171766,537.6567868904496,580.8283008636538,588.7995807377429,389.12979936250974,253.6667989260538,3326.0
2011-06-01,41.173178458289335,187.78986272439283,260.09398099260824,320.34741288278775,401.6895459345301,342.4403379091869,226.9545934530095,121.51108764519536,1902.0,24.0,121.0,134.0,129.0,107.0,171.0,146.0,89.0,921.0,65.17317845828933,308.78986272439283,394.09398099260824,449.34741288278775,508.6895459345301,513.4403379091868,372.95459345300947,210.51108764519535,2823.0
2011-07-01,37.365060940220545,164.60824143934997,257.5159605339524,273.673824724318,320.1276842716193,333.25594892629135,224.19036564132327,129.26291352292512,1739.9999999999998,12.0,91.0,126.0,119.0,125.0,155.0,132.0,118.0,878.0,49.365060940220545,255.60824143934997,383.5159605339524,392.673824724318,445.1276842716193,488.25594892629135,356.1903656413233,247.26291352292512,2618.0
2011-08-01,33.101289134438304,172.5279312461633,242.7427869858809,324.9944751381216,285.8747697974217,264.81031307550643,192.58931860036833,117.35911602209944,1634.0000000000002,23.028642590286427,77.0958904109589,100.12453300124533,133.1656288916563,122.1519302615193,127.15815691158157,118.14694894146949,103.1282689912827,804.0,56.12993172472473,249.6238216571222,342.8673199871262,458.16010402977787,408.026700058941,391.968469987088,310.73626754183783,220.48738501338215,2438.0
2011-09-01,40.364583333333336,168.52213541666666,206.86848958333334,255.30598958333334,272.4609375,293.65234375,202.83203125,109.99348958333333,1550.0,22.145118733509236,95.62664907651715,115.75857519788919,100.65963060686016,96.63324538258576,119.78496042216359,110.72559366754618,101.66622691292876,763.0,62.50970206684257,264.1487844931838,322.62706478122254,355.9656201901935,369.09418288258576,413.4373041721636,313.55762491754615,211.6597164962621,2313.0
2011-10-01,27.123610202746892,173.79202092871157,248.1308044473512,278.26814911707,261.190320470896,263.1994767822106,160.73250490516676,123.56311314584696,1536.0,17.024147727272727,74.10511363636364,71.10085227272727,95.13494318181819,108.1534090909091,130.1846590909091,104.14772727272727,105.14914772727273,705.0,44.14775793001962,247.8971345650752,319.2316567200785,373.40309229888817,369.34372956180505,393.3841358731197,264.880232177894,228.7122608731197,2241.0
2011-11-01,39.1357938718663,156.5431754874652,209.72771587743733,259.90181058495824,231.80431754874652,262.9122562674095,176.61281337047353,104.36211699164346,1441.0,18.0,77.0,74.0,97.0,80.0,125.0,98.0,89.0,658.0,57.1357938718663,233.5431754874652,283.72771587743733,356.90181058495824,311.80431754874655,387.9122562674095,274.61281337047353,193.36211699164346,2099.0
2011-12-01,27.144716692189892,156.83614088820826,205.09341500765697,253.35068912710565,245.30781010719755,233.24349157733536,118.63246554364471,73.39127105666157,1312.9999999999998,8.012269938650308,82.12576687116564,96.14723926380368,79.12116564417178,100.15337423312883,109.16717791411043,98.15030674846626,80.12269938650307,653.0,35.1569866308402,238.9619077593739,301.24065427146064,332.47185477127744,345.4611843403264,342.4106694914458,216.78277229211096,153.51397044316462,1965.9999999999998
2012-01-01,20.082023239917977,169.69309637730692,230.94326725905674,289.1811346548189,268.095010252905,268.095010252905,142.58236500341764,80.3280929596719,1469.0000000000002,14.0,59.0,82.0,87.0,95.0,115.0,107.0,78.0,637.0,34.08202323991797,228.69309637730692,312.9432672590567,376.1811346548189,363.095010252905,383.095010252905,249.58236500341764,158.3280929596719,2106.0
2012-02-01,30.17479970866715,164.95557174071376,209.21194464675892,266.5440640932265,261.51493080844864,255.47997086671523,126.73415877640204,66.38455935906774,1380.9999999999998,17.0,55.0,71.0,77.0,95.0,124.0,97.0,81.0,617.0,47.17479970866715,219.95557174071376,280.2119446467589,343.5440640932265,356.51493080844864,379.47997086671523,223.73415877640204,147.38455935906774,1997.9999999999998
2012-03-01,28.117295032914424,229.95930580490725,248.03470975463793,300.25254338719327,306.27767803710356,271.1310592459605,180.754039497307,113.47336923997607,1678.0000000000002,11.046478873239437,86.36338028169014,87.36760563380281,108.45633802816901,105.44366197183099,122.51549295774647,109.46056338028168,82.34647887323943,713.0,39.163773906153864,316.3226860865974,335.40231538844074,408.70888141536227,411.72134000893453,393.64655220370696,290.2146028775887,195.8198481132155,2391.0
2012-04-01,30.17274472168906,195.11708253358924,241.38195777351248,260.49136276391556,279.6007677543186,272.5604606525912,189.08253358925143,103.59309021113243,1572.0,15.045112781954888,67.20150375939849,86.25864661654136,95.28571428571429,96.28872180451128,107.3218045112782,125.37593984962406,74.22255639097745,667.0,45.21785750364395,262.31858629298773,327.64060439005385,355.77707704962984,375.8894895588299,379.8822651638694,314.4584734388755,177.8156466021099,2239.0
2012-05-01,42.132659507264684,172.54327226784585,202.6380290587492,290.9159823120657,255.80543272267846,293.925457991156,204.64434617814277,125.39481996209729,1588.0,21.11185086551265,79.4207723035952,95.50599201065246,102.54327563249001,101.53794940079894,122.64980026631159,130.69241011984022,101.53794940079894,755.0,63.244510372777334,251.96404457144104,298.1440210694017,393.4592579445557,357.3433821234774,416.57525825746757,335.336756297983,226.93276936289624,2343.0
2012-06-01,35.232403718459494,161.06241699867198,212.40106241699868,253.67330677290838,243.60690571049136,287.89907038512615,196.29482071713147,125.83001328021248,1516.0,9.01386748844376,65.10015408320493,77.11864406779661,84.12942989214176,102.15716486902927,121.1864406779661,105.16178736517719,86.13251155624037,650.0,44.24627120690325,226.1625710818769,289.5197064847953,337.80273666505013,345.76407057952065,409.08551106309227,301.45660808230866,211.96252483645287,2166.0
2012-07-01,38.30686406460296,177.42126514131897,185.485868102288,248.99461641991925,270.164199192463,276.21265141318975,195.56662180349932,105.84791386271871,1498.0000000000002,18.13935483870968,59.456774193548384,104.80516129032259,110.8516129032258,114.88258064516128,140.07612903225805,134.02967741935484,98.75870967741936,781.0,56.44621890331264,236.87803933486737,290.2910293926106,359.84622932314505,385.0467798376243,416.2887804454478,329.59629922285416,204.60662354013806,2279.0
2012-08-01,38.23799582463466,163.01461377870564,198.2338204592902,247.54070981210856,254.58455114822547,242.50939457202506,175.08977035490605,126.78914405010438,1446.0,12.0,63.0,90.0,93.0,91.0,128.0,108.0,85.0,670.0,50.23799582463466,226.01461377870564,288.2338204592902,340.54070981210856,345.5845511482255,370.50939457202503,283.089770354906,211.78914405010437,2116.0
2012-09-01,35.33538672142368,169.6098562628337,172.63860369609856,234.22313483915127,250.37645448323067,272.5872689938398,218.06981519507187,122.15947980835044,1475.0,13.03626220362622,68.18967921896792,91.25383542538354,93.25941422594143,92.25662482566248,125.3486750348675,139.38772663877268,96.26778242677824,719.0,48.371648925049904,237.79953548180163,263.8924391214821,327.4825490650927,342.6330793088932,397.9359440287073,357.4575418338445,218.4272622351287,2194.0
2012-10-01,32.12299807815503,152.58424087123637,208.7994875080077,272.0416399743754,286.09545163356825,285.0916079436259,193.7418321588725,136.52274183215889,1567.0,22.030898876404493,62.087078651685395,96.13483146067416,89.125,89.125,134.18820224719101,116.16292134831461,104.14606741573034,713.0000000000001,54.15389695455952,214.67131952292178,304.93431896868185,361.1666399743754,375.22045163356825,419.2798101908169,309.90475350718714,240.66880924788921,2280.0
2012-11-01,30.08651766402307,145.41816870944484,191.55082912761355,229.66041816870944,243.70079307858688,247.7123287671233,194.55948089401585,108.31146359048306,1391.0000000000002,14.0,58.0,79.0,96.0,93.0,107.0,98.0,86.0,631.0,44.08651766402307,203.41816870944484,270.55082912761355,325.66041816870944,336.7007930785869,354.71232876712327,292.55948089401585,194.31146359048307,2022.0000000000002
2012-12-01,29.246713070378963,150.2675947409126,182.5398298530549,234.98221191028617,228.93116782675946,248.09280742459396,136.14849187935036,93.79118329466357,1304.0,11.035656401944895,63.20421393841167,90.29173419773096,93.30145867098865,92.29821717990275,107.34683954619125,88.28525121555916,73.23662884927066,619.0,40.28236947232386,213.47180867932428,272.83156405078586,328.2836705812748,321.2293850066622,355.4396469707852,224.43374309490952,167.02781214393423,1923.0
2013-01-01,36.20441640378549,168.95394321766562,243.37413249211357,308.74321766561513,295.6694006309148,271.5331230283912,170.9652996845426,98.55646687697161,1594.0,13.018544935805991,77.1098430813124,76.10841654778888,102.14550641940086,106.151212553495,135.1925820256776,113.16119828815977,79.11269614835949,702.0000000000001,49.22296133959148,246.06378629897802,319.48254903990244,410.888724085016,401.8206131844098,406.7257050540688,284.1264979727024,177.6691630253311,2296.0
2013-02-01,15.0,135.0,182.0,263.0,254.0,222.0,194.0,102.0,1367.0,19.0,48.0,67.0,98.0,80.0,118.0,109.0,74.0,613.0,34.0,183.0,249.0,361.0,334.0,340.0,303.0,176.0,1980.0
2013-03-01,22.138976626658245,189.18761844598862,229.4403032217309,273.7182564750474,311.95830701200254,280.7624763108023,199.2507896399242,86.54327226784586,1593.0000000000002,8.0,62.0,82.0,89.0,105.0,124.0,120.0,100.0,690.0,30.138976626658245,251.18761844598862,311.4403032217309,362.7182564750474,416.95830701200254,404.7624763108023,319.25078963992416,186.54327226784585,2283.0
2013-04-01,44.142210730446024,193.62378797672915,206.66580478345185,257.830639948287,267.86296056884294,290.9372979961215,168.54298642533936,122.39431157078216,1552.0,7.022012578616352,59.185534591194966,80.25157232704403,85.26729559748428,83.26100628930817,118.37106918238993,122.38364779874213,82.25786163522012,638.0,51.16422330906238,252.8093225679241,286.91737711049586,343.0979355457713,351.1239668581511,409.30836717851145,290.9266342240815,204.6521732060023,2190.0
2013-05-01,21.12987012987013,186.14409400123685,229.4100185528757,274.68831168831167,283.7439703153989,257.5831787260359,233.43475572047,140.86580086580088,1627.0,13.069148936170214,52.276595744680854,102.54255319148936,110.58510638297872,107.56914893617021,128.68085106382978,142.75531914893617,98.52127659574468,756.0,34.19901906604034,238.4206897459177,331.95257174436506,385.2734180712904,391.3131192515691,386.2640297898657,376.1900748694062,239.38707746154557,2383.0
2013-06-01,32.15426997245179,136.6556473829201,203.97865013774106,214.02685950413223,269.29201101928373,264.2679063360882,199.95936639118457,138.66528925619835,1459.0,17.0,78.0,68.0,100.0,103.0,115.0,120.0,112.0,713.0,49.15426997245179,214.6556473829201,271.97865013774106,314.02685950413223,372.29201101928373,379.2679063360882,319.9593663911846,250.66528925619835,2172.0
2013-07-01,37.28030303030303,162.21969696969697,211.5909090909091,239.8030303030303,249.87878787878788,213.6060606060606,214.61363636363637,134.00757575757575,1463.0000000000002,16.068669527896997,57.24463519313305,92.39484978540773,98.4206008583691,89.38197424892704,126.54077253218884,106.45493562231759,115.49356223175965,702.0,53.34897255820003,219.46433216283003,303.9857588763168,338.2236311613994,339.2607621277149,340.14683313824946,321.06857198595395,249.5011379893354,2165.0
2013-08-01,28.183406113537117,148.96943231441048,199.29694323144105,268.7489082969432,212.382096069869,237.54585152838428,177.1528384279476,110.72052401746726,1383.0,23.033236994219653,56.08092485549133,94.13583815028902,105.15173410404624,81.11705202312139,122.17630057803468,109.15751445086705,102.14739884393063,693.0,51.21664310775677,205.05035716990182,293.4327813817301,373.90064240098945,293.49914809299037,359.72215210641895,286.3103528788146,212.8679228613979,2076.0
2013-09-01,29.079180887372015,168.45870307167235,196.53515358361776,243.66348122866893,256.69897610921504,268.73174061433446,206.56245733788396,99.2703071672355,1469.0,17.025449101796408,59.08832335329341,86.12874251497006,87.13023952095809,91.13622754491018,108.16167664670658,120.17964071856288,100.1497005988024,668.9999999999999,46.10462998916842,227.54702642496576,282.6638960985878,330.793720749627,347.8352036541252,376.893417261041,326.7420980564468,199.42000776603788,2138.0
2013-10-01,36.17948717948718,148.73789173789174,205.01709401709402,230.1417378917379,249.23646723646723,249.23646723646723,162.80769230769232,129.64316239316238,1411.0,11.017133956386292,50.07788161993769,79.12305295950156,105.16355140186916,88.13707165109034,108.16822429906541,109.16978193146417,92.14330218068535,643.0,47.19662113587347,198.81577335782944,284.1401469765956,335.3052892936071,337.3735388875576,357.40469153553266,271.9774742391565,221.78646457384775,2054.0
2013-11-01,34.134387351778656,125.49407114624506,164.64822134387353,245.9683794466403,217.85770750988144,210.8300395256917,168.66403162055337,102.40316205533597,1270.0,10.045731707317072,64.29268292682927,86.39329268292683,111.5076219512195,84.38414634146342,111.5076219512195,95.4344512195122,95.4344512195122,659.0,44.18011905909573,189.78675407307435,251.04151402680037,357.4760013978598,302.24185385134484,322.3376614769112,264.09848284006557,197.83761327484817,1929.0
2013-12-01,18.05673758865248,153.4822695035461,196.61780929866038,243.7659574468085,197.62096138691882,224.70606776989754,154.48542159180457,84.26477541371159,1272.9999999999998,12.0,66.0,71.0,91.0,98.0,103.0,104.0,66.0,611.0,30.05673758865248,219.4822695035461,267.6178092986604,334.7659574468085,295.6209613869188,327.7060677698976,258.48542159180454,150.2647754137116,1883.9999999999998
2014-01-01,32.06911447084233,161.3477321814255,193.41684665226782,276.59611231101513,240.5183585313175,253.5464362850972,149.32181425485962,85.18358531317494,1392.0,18.125,48.333333333333336,83.57638888888889,82.56944444444444,77.53472222222223,96.66666666666667,90.625,82.56944444444444,580.0,50.19411447084233,209.68106551475884,276.9932355411567,359.1655567554596,318.0530807535397,350.21310295176386,239.94681425485962,167.7530297576194,1972.0
2014-02-01,25.081766148814392,160.5233033524121,162.52984464431725,211.69010629599344,219.71627146361408,215.70318887980375,148.4840556009812,83.27146361406378,1227.0,8.015533980582525,42.081553398058254,72.13980582524272,71.1378640776699,81.15728155339806,87.16893203883495,77.14951456310679,77.14951456310679,516.0,33.09730012939691,202.60485675047036,234.66965046955997,282.82797037366333,300.8735530170121,302.8721209186387,225.63357016408798,160.42097817717058,1743.0
2014-03-01,30.083333333333332,174.48333333333332,211.5861111111111,250.69444444444446,264.73333333333335,244.67777777777778,160.44444444444446,107.29722222222222,1443.9999999999998,20.0,68.0,102.0,110.0,88.0,124.0,103.0,98.0,713.0,50.08333333333333,242.48333333333332,313.5861111111111,360.69444444444446,352.73333333333335,368.6777777777778,263.44444444444446,205.29722222222222,2157.0
2014-04-01,36.052863436123346,157.23054331864904,173.25403817914832,231.33920704845815,269.3950073421439,213.31277533039648,173.25403817914832,110.16152716593245,1364.0,9.013005780346822,63.09104046242775,74.10693641618496,101.14595375722543,91.13150289017341,127.18352601156069,140.20231213872833,87.1257225433526,693.0,45.06586921647017,220.32158378107678,247.3609745953333,332.48516080568356,360.5265102323173,340.4963013419572,313.4563503178766,197.28724970928505,2057.0
2014-05-01,33.091223220456115,163.45058742225294,225.6219765031099,244.67449896337249,244.67449896337249,259.7159640635798,163.45058742225294,116.32066344160332,1450.9999999999998,16.04812030075188,64.19248120300752,66.1984962406015,99.29774436090226,96.28872180451128,112.33684210526316,117.35187969924812,95.28571428571429,667.0,49.13934352120799,227.64306862526047,291.8204727437114,343.97224332427476,340.96322076788374,372.05280616884295,280.8024671215011,211.6063777273176,2118.0
2014-06-01,27.041252864782276,158.24140565317035,184.28113063407181,237.36210847975553,219.3346065699007,212.3239113827349,155.23682200152788,117.17876241405654,1311.0,10.0,63.0,97.0,96.0,83.0,105.0,109.0,85.0,648.0,37.04125286478228,221.24140565317035,281.2811306340718,333.36210847975553,302.3346065699007,317.3239113827349,264.2368220015279,202.17876241405654,1959.0
2014-07-01,29.044072948328267,157.2386018237082,175.2659574468085,199.30243161094225,238.36170212765958,236.35866261398175,171.2598784194529,111.16869300911854,1317.9999999999998,13.0216306156406,48.079866888519135,77.12811980033278,95.15806988352746,77.12811980033278,116.19301164725458,93.15474209650583,82.13643926788686,602.0000000000001,42.06570356396887,205.31846871222734,252.3940772471413,294.4605014944697,315.48982192799235,352.5516742612363,264.41462051595875,193.30513227700538,1920.0
2014-08-01,34.100369003690034,132.38966789667896,186.54907749077492,239.70553505535057,245.72324723247232,217.64059040590405,180.53136531365314,122.36014760147602,1359.0,13.017567567567568,56.075675675675676,80.10810810810811,118.15945945945946,101.13648648648649,138.18648648648647,137.18513513513514,97.13108108108108,741.0000000000001,47.1179365712576,188.46534357235464,266.657185598883,357.86499451481,346.8597337189588,355.82707689239055,317.7165004487883,219.4912286825571,2100.0
2014-09-01,40.11095700416089,167.4632454923717,184.51040221914008,240.66574202496534,229.63522884882107,224.62135922330097,230.6380027739251,128.35506241331484,1446.0,20.0,70.0,74.0,88.0,90.0,99.0,128.0,118.0,687.0,60.11095700416089,237.4632454923717,258.5104022191401,328.6657420249653,319.63522884882104,323.62135922330094,358.6380027739251,246.35506241331484,2133.0
2014-10-01,28.059322033898304,135.28601694915255,192.40677966101694,257.5444915254237,259.5487288135593,241.510593220339,196.41525423728814,108.22881355932203,1419.0,8.0,65.0,103.0,100.0,103.0,118.0,99.0,93.0,689.0,36.059322033898304,200.28601694915255,295.4067796610169,357.5444915254237,362.5487288135593,359.510593220339,295.41525423728814,201.22881355932202,2108.0
2014-11-01,25.055886736214607,136.30402384500746,193.43144560357675,244.54545454545453,211.47168405365127,232.51862891207153,177.3956780923994,124.27719821162444,1344.9999999999998,12.018320610687024,57.08702290076336,78.11908396946565,89.13587786259542,96.14656488549619,121.18473282442748,112.17099236641221,90.13740458015268,656.0,37.07420734690163,193.39104674577084,271.5505295730424,333.68133240804997,307.61824893914746,353.703361736499,289.5666704588116,214.4146027917771,2000.9999999999998
2014-12-01,23.120946538124453,109.57318141980718,170.89395267309376,186.97808939526732,203.06222611744084,185.97283085013146,152.79929886064855,114.59947414548641,1147.0,8.0,60.0,64.0,91.0,90.0,91.0,89.0,70.0,563.0,31.120946538124453,169.57318141980718,234.89395267309376,277.9780893952673,293.06222611744084,276.97283085013146,241.79929886064855,184.5994741454864,1710.0
2015-01-01,31.023290758827947,133.0999248685199,191.1435011269722,237.17806160781367,250.1878287002254,222.16679188580014,163.12246431254695,104.07813673929377,1332.0,11.0,51.0,86.0,93.0,88.0,92.0,102.0,72.0,595.0,42.02329075882795,184.0999248685199,277.1435011269722,330.1780616078137,338.1878287002254,314.16679188580014,265.122464312547,176.07813673929377,1927.0
2015-02-01,34.11940298507463,112.39332748024583,168.58999122036874,207.72695346795436,204.71641791044777,159.558384547849,152.53380158033363,103.36172080772607,1143.0,12.0,41.0,51.0,73.0,84.0,103.0,83.0,57.0,504.0,46.11940298507463,153.39332748024583,219.58999122036874,280.72695346795433,288.7164179104478,262.55838454784896,235.53380158033363,160.36172080772607,1647.0
2015-03-01,36.191235059760956,166.88180610889773,218.1527224435591,259.37051792828686,259.37051792828686,250.32270916334662,213.1261620185923,110.5843293492696,1514.0,16.0,68.0,70.0,100.0,101.0,99.0,111.0,91.0,656.0,52.191235059760956,234.88180610889773,288.1527224435591,359.37051792828686,360.37051792828686,349.32270916334664,324.1261620185923,201.58432934926958,2170.0
2015-04-01,36.10503282275711,130.37928519328958,204.59518599562364,260.75857038657915,232.6768781911014,222.64770240700219,193.5630926331145,94.27425237053245,1375.0000000000002,22.037414965986393,51.08673469387755,58.09863945578231,100.17006802721089,81.13775510204081,92.15646258503402,92.15646258503402,92.15646258503402,589.0,58.1424477887435,181.46601988716714,262.6938254514059,360.92863841379005,313.8146332931422,314.8041649920362,285.7195552181485,186.4307149555665,1964.0000000000002
2015-05-01,32.19699042407661,153.9418604651163,177.08344733242134,263.6128590971272,262.60670314637485,263.6128590971272,192.17578659370724,125.76949384404925,1471.0000000000002,15.0,44.0,56.0,99.0,87.0,110.0,111.0,98.0,620.0,47.19699042407661,197.9418604651163,233.08344733242134,362.6128590971272,349.60670314637485,373.6128590971272,303.17578659370724,223.76949384404924,2091.0
2015-06-01,34.15668202764977,153.70506912442397,149.68663594470047,236.08294930875576,192.8847926267281,224.02764976958525,181.83410138248848,135.6221198156682,1308.0,9.04778761061947,49.260176991150445,57.302654867256635,89.47256637168141,77.40884955752212,97.51504424778761,92.48849557522124,95.50442477876106,568.0,43.204469638269245,202.96524611557442,206.98929081195712,325.55551568043717,270.29364218425025,321.54269401737287,274.3225969577097,231.12654459442928,1876.0
2015-07-01,29.068666140489345,120.28413575374901,158.37411207576955,200.4735595895817,234.55406471981058,214.5067087608524,179.42383583267562,133.31491712707182,1270.0,10.0,59.0,65.0,103.0,103.0,118.0,118.0,88.0,664.0,39.06866614048934,179.284135753749,223.37411207576955,303.47355958958167,337.5540647198106,332.5067087608524,297.42383583267565,221.31491712707182,1934.0
2015-08-01,32.18196588139724,134.76198212835092,172.97806661251016,220.24532900081235,212.19983753046304,179.01218521527213,177.0008123476848,109.61982128350934,1238.0,15.025996533795494,47.081455805892546,72.12478336221837,89.15424610051993,79.1369150779896,85.1473136915078,104.18024263431542,86.14904679376083,578.0,47.20796241519273,181.84343793424347,245.10284997472854,309.3995751013323,291.3367526084526,264.15949890677996,281.1810549820002,195.76886807727016,1816.0
2015-09-01,27.20420168067227,105.79411764705883,160.20252100840335,207.55798319327732,194.45966386554622,220.6563025210084,163.22521008403362,119.9,1199.0,13.0,54.0,69.0,97.0,84.0,88.0,96.0,96.0,597.0,40.20420168067227,159.79411764705884,229.20252100840335,304.5579831932773,278.4596638655462,308.6563025210084,259.2252100840336,215.9,1796.0
2015-10-01,23.086466165413533,139.52255639097746,186.69924812030075,238.89473684210526,242.90977443609023,198.74436090225564,193.72556390977442,111.4172932330827,1335.0,18.031088082901555,45.07772020725388,73.12607944732297,82.14162348877375,85.146804835924,89.15371329879102,107.18480138169258,80.13816925734024,580.0,41.11755424831509,184.60027659823135,259.82532756762373,321.036360330879,328.05657927201423,287.89807420104665,300.910365291467,191.55546249042294,1915.0
2015-11-01,29.093247588424436,139.44694533762058,185.59485530546624,204.65594855305466,225.7234726688103,199.63987138263667,147.47266881028938,116.37299035369774,1248.0,14.05109489051095,45.16423357664234,63.22992700729927,86.31386861313868,80.2919708029197,83.3029197080292,95.34671532846716,82.2992700729927,550.0,43.144342478935386,184.61117891426292,248.8247823127655,290.96981716619337,306.01544347173,282.9427910906659,242.81938413875653,198.67226042669046,1798.0
2015-12-01,21.09090909090909,118.5108225108225,148.64069264069263,189.8181818181818,208.9004329004329,215.93073593073592,149.64502164502164,107.46320346320347,1160.0,7.0,39.0,61.0,73.0,78.0,104.0,89.0,81.0,532.0,28.09090909090909,157.5108225108225,209.64069264069263,262.8181818181818,286.90043290043286,319.9307359307359,238.64502164502164,188.46320346320346,1692.0
2016-01-01,39.066609735269,134.22886421861656,181.30913748932537,208.35525192143467,212.36208368915456,192.3279248505551,135.23057216054653,70.1195559350982,1172.9999999999998,12.0,53.0,56.0,85.0,92.0,81.0,101.0,76.0,556.0,51.066609735269,187.22886421861656,237.30913748932537,293.3552519214347,304.3620836891546,273.32792485055506,236.23057216054653,146.11955593509822,1728.9999999999998
2016-02-01,20.10968921389397,116.63619744058501,141.77330895795248,206.12431444241315,212.15722120658134,193.05301645338207,121.66361974405851,88.48263254113346,1099.9999999999998,11.04296875,48.1875,59.23046875,79.30859375,75.29296875,82.3203125,92.359375,66.2578125,514.0,31.15265796389397,164.82369744058502,201.00377770795248,285.43290819241315,287.4501899565813,275.37332895338204,214.0229947440585,154.74044504113346,1613.9999999999998
2016-03-01,16.047197640117993,140.41297935103245,190.56047197640117,275.811209439528,242.71386430678467,229.67551622418878,160.47197640117994,104.30678466076697,1360.0,7.011437908496732,65.10620915032679,61.099673202614376,94.15359477124183,84.13725490196079,103.16830065359477,109.1781045751634,89.14542483660131,613.0,23.058635548614724,205.51918850135922,251.66014517901556,369.96480421076984,326.85111920874544,332.8438168777835,269.65008097634336,193.45220949736827,1973.0
2016-04-01,34.14261744966443,146.61241610738256,163.68372483221478,223.93540268456377,194.81375838926175,179.7508389261745,145.60822147651007,108.45302013422818,1197.0000000000002,17.092896174863387,50.27322404371585,61.333333333333336,73.39890710382514,84.45901639344262,92.50273224043715,84.45901639344262,88.48087431693989,552.0,51.23551362452781,196.8856401510984,225.01705816554812,297.3343097883889,279.27277478270435,272.25357116661166,230.0672378699527,196.93389445116807,1749.0000000000002
2016-05-01,31.047292143401982,139.21205186880243,169.25781845919147,237.36155606407323,212.32341723874904,239.36460717009916,170.25934401220442,114.17391304347827,1312.9999999999998,11.018242122719734,50.082918739635154,65.1077943615257,83.13764510779436,93.1542288557214,106.17578772802653,104.17247097844113,91.15091210613599,604.0,42.065534266121716,189.29497060843758,234.36561282071716,320.4992011718676,305.47764609447046,345.54039489812567,274.43181499064553,205.32482514961424,1916.9999999999998
2016-06-01,21.054030874785592,131.33704974271012,157.40394511149228,208.5351629502573,224.5763293310463,175.45025728987994,156.40137221269296,94.2418524871355,1169.0,12.0,31.0,67.0,76.0,85.0,89.0,100.0,84.0,544.0,33.054030874785596,162.33704974271012,224.40394511149228,284.5351629502573,309.5763293310463,264.4502572898799,256.401372212693,178.2418524871355,1713.0
2016-07-01,26.131645569620254,127.64303797468355,177.89620253164557,202.01772151898734,186.94177215189873,188.9518987341772,146.7392405063291,134.67848101265824,1191.0,12.043715846994536,48.17486338797814,55.200364298724956,80.29143897996357,64.23315118397086,115.41894353369763,91.33151183970855,84.30601092896175,551.0,38.17536141661479,175.8179013626617,233.09656683037053,282.3091604989509,251.1749233358696,304.3708422678748,238.07075234603766,218.98449194161998,1742.0
2016-08-01,28.051470588235293,117.21507352941177,142.2610294117647,207.38051470588235,170.3125,171.31433823529412,146.2683823529412,107.1966911764706,1090.0,18.036363636363635,36.07272727272727,77.15555555555555,77.15555555555555,57.11515151515152,83.16767676767677,79.15959595959596,68.13737373737374,496.0,46.08783422459893,153.28780080213903,219.41658496732026,284.5360702614379,227.42765151515152,254.48201500297088,225.42797831253716,175.33406491384432,1586.0
2016-09-01,32.23063063063063,125.90090090090091,153.0954954954955,185.32612612612613,178.27567567567567,173.23963963963965,158.13153153153152,111.8,1118.0,16.0,39.0,65.0,80.0,88.0,85.0,76.0,78.0,527.0,48.23063063063063,164.90090090090092,218.0954954954955,265.32612612612616,266.27567567567564,258.2396396396397,234.13153153153152,189.8,1645.0
2016-10-01,37.09319899244333,125.31486146095718,155.3904282115869,214.5390428211587,208.52392947103274,172.43324937027708,158.39798488664988,122.3073047858942,1194.0,14.026565464895636,45.0853889943074,76.14421252371916,75.14231499051233,68.12903225806451,94.17836812144212,78.14800759013282,77.14611005692599,528.0,51.11976445733896,170.40025045526457,231.53464073530608,289.68135781167103,276.6529617290972,266.6116174917192,236.54599247678271,199.4534148428202,1722.0
2016-11-01,32.149532710280376,105.49065420560747,142.66355140186917,174.81308411214954,190.88785046728972,185.8644859813084,135.63084112149534,107.5,1075.0,18.0,34.0,47.0,66.0,96.0,78.0,86.0,78.0,503.0,50.149532710280376,139.49065420560748,189.66355140186917,240.81308411214954,286.8878504672897,263.8644859813084,221.63084112149534,185.5,1578.0
2016-12-01,22.06547619047619,120.35714285714286,130.38690476190476,189.5625,166.49404761904762,170.50595238095238,119.35416666666667,92.27380952380952,1011.0,9.01923076923077,51.10897435897436,51.10897435897436,64.13675213675214,75.16025641025641,86.18376068376068,66.14102564102564,66.14102564102564,469.0,31.08470695970696,171.46611721611723,181.49587912087912,253.69925213675214,241.65430402930403,256.68971306471303,185.49519230769232,158.41483516483515,1480.0
2017-01-01,35.18056749785039,127.65520206362855,156.804815133276,225.15563198624247,214.0988822012038,166.85640584694755,164.84608770421323,78.402407566638,1169.0,16.0,47.0,61.0,71.0,56.0,91.0,85.0,71.0,498.0,51.18056749785039,174.65520206362856,217.804815133276,296.1556319862425,270.09888220120376,257.85640584694755,249.84608770421323,149.402407566638,1667.0
2017-02-01,31.089251439539346,132.38003838771593,137.39443378119003,189.54414587332053,174.50095969289828,166.47792706333973,116.33397312859884,97.27927063339732,1045.0,13.082627118644067,40.25423728813559,49.311440677966104,67.42584745762711,76.48305084745763,81.51483050847457,77.48940677966101,69.4385593220339,475.0,44.171878558183415,172.6342756758515,186.70587445915612,256.96999333094766,250.9840105403559,247.9927575718143,193.82337990825985,166.71782995543123,1520.0
2017-03-01,28.069364161849713,138.3418662262593,149.36911643270025,209.5177539223782,225.5573905862923,215.532617671346,148.3666391412056,99.24525185796863,1214.0,12.0,58.0,70.0,79.0,86.0,82.0,95.0,84.0,566.0,40.06936416184971,196.3418662262593,219.36911643270025,288.51775392237823,311.5573905862923,297.532617671346,243.3666391412056,183.24525185796864,1780.0
2017-04-01,33.10945273631841,139.4610281923715,146.48424543946933,228.75621890547265,194.6434494195688,204.6766169154229,160.530679933665,102.33830845771145,1210.0,16.0,53.0,65.0,90.0,84.0,84.0,92.0,86.0,570.0,49.10945273631841,192.4610281923715,211.48424543946933,318.7562189054727,278.6434494195688,288.67661691542287,252.530679933665,188.33830845771143,1780.0
2017-05-01,23.107560405300077,143.66874512860483,179.83710054559626,203.94933749025722,230.0709275136399,224.04286827747467,176.82307092751364,107.50038971161341,1289.0,14.070826306913997,45.227655986509276,65.32883642495784,84.42495784148397,92.46543001686341,95.4806070826307,109.55143338954468,89.45025295109612,596.0,37.17838671221408,188.8964011151141,245.1659369705541,288.3742953317412,322.5363575305033,319.52347536010535,286.3745043170583,196.95064266270953,1885.0
2017-06-01,32.081911262798634,111.28412969283276,149.38139931740614,221.56569965870307,192.49146757679182,181.4633105802048,159.4069965870307,127.32508532423208,1175.0,13.047101449275363,52.18840579710145,61.221014492753625,84.30434782608695,76.27536231884058,79.28623188405797,94.34057971014492,93.33695652173913,554.0,45.129012712074,163.47253548993422,210.60241381015976,305.87004748479,268.7668298956324,260.74954246426273,253.7475762971756,220.6620418459712,1729.0
2017-07-01,24.105913503971756,112.49426301853487,156.68843777581642,210.92674315975287,199.8781994704325,166.73256840247132,138.6090026478376,128.5648720211827,1138.0,17.0,41.0,53.0,78.0,86.0,85.0,104.0,79.0,543.0,41.105913503971756,153.49426301853487,209.68843777581642,288.92674315975285,285.8781994704325,251.73256840247132,242.6090026478376,207.5648720211827,1681.0
2017-08-01,38.12925170068027,120.40816326530613,176.59863945578232,204.69387755102042,186.6326530612245,167.56802721088437,149.50680272108843,136.4625850340136,1180.0,18.03358208955224,50.093283582089555,44.082089552238806,94.17537313432835,85.15858208955224,75.13992537313433,93.17350746268657,77.14365671641791,537.0,56.16283379023251,170.5014468473957,220.68072900802113,298.8692506853488,271.79123515077674,242.7079525840187,242.68031018377502,213.60624175043154,1717.0
2017-09-01,42.14070351758794,123.41206030150754,162.5427135678392,218.73031825795644,190.63651591289783,196.65661641541038,142.4757118927973,121.40536013400335,1198.0,11.0,54.0,66.0,83.0,70.0,78.0,69.0,71.0,502.0,53.14070351758794,177.41206030150755,228.5427135678392,301.73031825795647,260.63651591289783,274.6566164154104,211.4757118927973,192.40536013400333,1700.0
2017-10-01,27.179828734538535,140.9324452901998,148.98572787821124,191.26546146527116,177.1722169362512,143.9524262607041,141.93910561370123,86.57278782112274,1058.0,12.025751072961373,53.1137339055794,47.10085836909871,67.14377682403433,73.15665236051503,76.16309012875537,73.15665236051503,65.13948497854078,467.0,39.20557980749991,194.04617919577922,196.08658624730995,258.4092382893055,250.32886929676624,220.11551638945946,215.09575797421627,151.71227279966354,1525.0
2017-11-01,26.0515873015873,100.1984126984127,136.26984126984127,196.38888888888889,176.34920634920636,141.2797619047619,142.28174603174602,91.18055555555556,1010.0,7.0,44.0,43.0,73.0,77.0,69.0,87.0,65.0,465.0,33.051587301587304,144.1984126984127,179.26984126984127,269.3888888888889,253.34920634920636,210.2797619047619,229.28174603174602,156.18055555555554,1475.0
2017-12-01,27.087757313109424,107.3477789815818,126.40953412784398,154.50054171180932,184.59804983748646,144.46803900325028,96.31202600216685,85.2762730227519,925.9999999999999,8.02116402116402,30.07936507936508,38.1005291005291,57.15079365079365,77.20370370370371,61.16137566137566,57.15079365079365,50.13227513227513,379.0,35.10892133427345,137.4271440609469,164.5100632283731,211.65133536260296,261.8017535411902,205.62941466462593,153.4628196529605,135.40854815502703,1305.0
2018-01-01,30.029182879377434,112.10894941634241,153.1488326848249,161.15661478599222,181.1760700389105,170.16536964980546,134.13035019455253,87.08463035019456,1029.0000000000002,12.050955414012739,38.16135881104034,47.19957537154989,86.36518046709129,82.34819532908705,65.276008492569,72.30573248407643,69.29299363057325,473.0,42.08013829339017,150.27030822738274,200.34840805637478,247.5217952530835,263.52426536799754,235.44137814237445,206.43608267862896,156.3776239807678,1502.0000000000002
2018-02-01,22.02173913043478,103.10177865612648,153.151185770751,181.17885375494072,188.18577075098815,123.12154150197628,139.13735177865613,103.10177865612648,1013.0,14.029787234042553,51.10851063829787,55.11702127659574,76.16170212765958,75.15957446808511,71.15106382978723,75.15957446808511,53.11276595744681,471.0,36.05152636447733,154.21028929442434,208.26820704734675,257.3405558826003,263.34534521907324,194.27260533176351,214.29692624674124,156.2145446135733,1484.0
2018-03-01,19.014514896867837,144.1100076394194,163.12452253628723,234.17876241405654,261.1993888464477,194.14820473644002,175.13368983957218,119.0909090909091,1310.0,21.0,49.0,46.0,83.0,77.0,83.0,79.0,82.0,520.0,40.01451489686784,193.1100076394194,209.12452253628723,317.17876241405656,338.1993888464477,277.14820473644,254.13368983957218,201.0909090909091,1830.0
2018-04-01,30.16187050359712,102.55035971223022,169.91187050359713,187.00359712230215,188.00899280575538,171.9226618705036,168.9064748201439,99.5341726618705,1118.0,17.031365313653136,55.101476014760145,51.09409594095941,67.12361623616236,88.16236162361623,84.1549815498155,94.17343173431735,86.15867158671587,543.0,47.193235817250255,157.65183572699036,221.00596644455655,254.12721335846453,276.1713544293716,256.0776434203191,263.0799065544612,185.69284424858637,1661.0
2018-05-01,36.12587412587413,119.41608391608392,143.5,213.74475524475525,206.72027972027973,163.56993006993008,149.520979020979,115.4020979020979,1148.0,19.03362831858407,48.08495575221239,62.10973451327433,86.15221238938054,91.16106194690265,89.1575221238938,90.15929203539822,80.14159292035399,566.0,55.1595024444582,167.5010396682963,205.60973451327433,299.89696763413576,297.88134166718237,252.72745219382386,239.68027105637725,195.54369082245188,1714.0
2018-06-01,40.14519056261343,133.48275862068965,137.497277676951,191.69328493647913,169.61343012704174,168.60980036297642,132.47912885662433,132.47912885662433,1106.0,20.0,45.0,42.0,87.0,70.0,74.0,95.0,77.0,510.0,60.14519056261343,178.48275862068965,179.497277676951,278.69328493647913,239.61343012704174,242.60980036297642,227.47912885662433,209.47912885662433,1616.0
2018-07-01,27.174838112858463,119.77058279370952,125.80943570767808,201.29509713228492,187.204440333025,174.12025901942647,158.01665124884366,94.6086956521739,1088.0000000000002,26.05108055009823,66.12966601178782,56.11001964636542,75.14734774066798,72.14145383104126,80.15717092337917,66.12966601178782,68.1335952848723,510.0,53.225918662956694,185.90024880549734,181.9194553540435,276.44244487295293,259.34589416406624,254.27742994280564,224.14631726063146,162.74229093704622,1598.0000000000002
2018-08-01,34.13140096618358,121.46763285024154,132.51014492753623,169.65314009661836,175.67632850241546,144.55652173913043,140.54106280193236,120.46376811594203,1039.0,19.03531598513011,47.08736059479554,63.11710037174721,86.15985130111524,81.15055762081785,76.14126394052045,85.15799256505576,81.15055762081785,539.0,53.16671695131369,168.5549934450371,195.62724529928346,255.81299139773358,256.8268861232333,220.69778567965088,225.69905536698812,201.6143257367599,1578.0
2018-09-01,28.233333333333334,108.9,157.3,189.56666666666666,201.66666666666666,152.25833333333333,151.25,99.825,1089.0,20.038910505836576,49.09533073929961,44.08560311284047,75.14591439688716,68.13229571984436,76.147859922179,93.18093385214007,89.17315175097276,515.0,48.27224383916991,157.99533073929962,201.38560311284047,264.71258106355384,269.798962386511,228.40619325551233,244.43093385214007,188.99815175097277,1604.0
2018-10-01,23.101232394366196,138.60739436619718,161.7086267605634,210.92429577464787,186.81866197183098,159.69982394366198,147.64700704225353,112.49295774647888,1141.0,18.0,55.0,54.0,70.0,72.0,79.0,86.0,79.0,513.0,41.10123239436619,193.60739436619718,215.7086267605634,280.9242957746479,258.818661971831,238.69982394366198,233.64700704225353,191.49295774647888,1654.0
2018-11-01,20.0597609561753,113.33764940239044,137.4093625498008,181.54083665338646,168.5019920318725,140.4183266932271,161.48107569721117,84.25099601593625,1007.0,14.0,41.0,54.0,72.0,85.0,62.0,106.0,71.0,505.0,34.059760956175296,154.33764940239044,191.4093625498008,253.54083665338646,253.5019920318725,202.4183266932271,267.48107569721117,155.25099601593627,1512.0
2018-12-01,29.056038647342994,110.21256038647343,150.28985507246378,160.30917874396135,203.39227053140095,152.29371980676328,126.24347826086957,105.20289855072464,1037.0,20.0,33.0,40.0,71.0,88.0,71.0,76.0,80.0,479.0,49.056038647342994,143.21256038647343,190.28985507246378,231.30917874396135,291.392270531401,223.29371980676328,202.24347826086955,185.20289855072463,1516.0
2019-01-01,38.03182579564489,138.11557788944722,192.1608040201005,237.19849246231155,198.16582914572865,170.142378559464,130.10887772194306,91.07621440536013,1195.0,24.047524752475248,48.095049504950495,65.12871287128714,65.12871287128714,73.14455445544554,87.17227722772277,79.15643564356435,64.12673267326733,505.99999999999994,62.07935054812014,186.2106273943977,257.2895168913876,302.32720533359867,271.3103836011742,257.3146557871868,209.2653133655074,155.20294707862746,1701.0
2019-02-01,40.107238605898125,120.32171581769437,139.37265415549598,215.57640750670242,203.54423592493296,160.4289544235925,150.40214477211796,92.24664879356568,1122.0000000000002,17.0,58.0,66.0,77.0,66.0,74.0,68.0,67.0,493.0,57.107238605898125,178.32171581769438,205.37265415549598,292.5764075067024,269.544235924933,234.4289544235925,218.40214477211796,159.24664879356567,1615.0000000000002
2019-03-01,31.282674772036476,152.37689969604864,171.5501519756839,223.01519756838906,250.2613981762918,213.93313069908814,169.53191489361703,116.04863221884499,1328.0,19.0,50.0,52.0,76.0,88.0,80.0,92.0,65.0,522.0,50.28267477203647,202.37689969604864,223.5501519756839,299.01519756838906,338.2613981762918,293.9331306990881,261.531914893617,181.048632218845,1850.0
2019-04-01,46.1107544141252,135.3250401284109,162.3900481540931,210.5056179775281,223.53691813804173,178.42857142857142,163.392455858748,129.31059390048154,1249.0000000000002,24.0,55.0,46.0,73.0,78.0,75.0,109.0,67.0,527.0,70.11075441412521,190.3250401284109,208.3900481540931,283.5056179775281,301.53691813804176,253.42857142857142,272.392455858748,196.31059390048154,1776.0000000000002
2019-05-01,43.066770186335404,120.1863354037267,193.2996894409938,230.35714285714286,225.34937888198758,191.29658385093168,174.27018633540374,112.17391304347827,1290.0,21.038251366120218,54.09836065573771,48.08743169398907,81.14754098360656,94.1712204007286,79.14389799635701,110.20036429872495,62.11293260473588,550.0,64.10502155245563,174.2846960594644,241.38712113498286,311.5046838407494,319.52059928271615,270.4404818472887,284.4705506341287,174.28684564821415,1840.0
2019-06-01,34.120674356699205,131.46495119787045,142.50399290150844,198.7027506654836,214.75953859804793,151.53593611357587,144.51109139307897,113.40106477373558,1131.0,17.0,42.0,53.0,84.0,68.0,76.0,70.0,87.0,497.0,51.120674356699205,173.46495119787045,195.50399290150844,282.70275066548356,282.7595385980479,227.53593611357587,214.51109139307897,200.40106477373558,1628.0
2019-07-01,28.069825436408976,137.3416458852868,161.40149625935163,210.52369077306733,210.52369077306733,184.45885286783042,160.39900249376558,113.28179551122194,1206.0,18.0,59.0,56.0,70.0,83.0,88.0,101.0,80.0,555.0,46.069825436408976,196.3416458852868,217.40149625935163,280.5236907730673,293.5236907730673,272.4588528678304,261.3990024937656,193.28179551122196,1761.0
2019-08-01,38.10307414104882,124.33634719710669,134.3634719710669,191.51808318264014,186.50452079566003,149.40415913200724,163.44213381555153,121.32820976491863,1109.0,11.023913043478261,54.11739130434783,45.09782608695652,68.14782608695653,77.16739130434783,63.13695652173913,73.15869565217392,69.15,461.0,49.12698718452708,178.45373850145452,179.46129805802343,259.6659092695967,263.67191210000783,212.54111565374637,236.60082946772545,190.47820976491863,1570.0
2019-09-01,49.08448275862069,121.20862068965518,147.25344827586207,189.3258620689655,193.33275862068965,173.29827586206898,173.29827586206898,115.19827586206897,1162.0000000000002,29.0,44.0,45.0,91.0,72.0,50.0,89.0,79.0,499.0,78.08448275862068,165.20862068965516,192.25344827586207,280.32586206896553,265.3327586206897,223.29827586206898,262.298275862069,194.19827586206895,1661.0000000000002
2019-10-01,36.03355079217148,94.08760484622553,123.11463187325256,198.18452935694316,203.1891891891892,149.13886300093196,161.15004659832246,109.10158434296365,1074.0,13.027896995708154,49.10515021459227,60.128755364806864,64.13733905579399,72.15450643776823,68.14592274678111,77.16523605150215,63.13519313304721,467.0,49.06144778787964,143.1927550608178,183.24338723805943,262.32186841273716,275.3436956269574,217.28478574771307,238.3152826498246,172.23677747601084,1541.0
2019-11-01,28.078799249530956,100.28142589118198,143.40243902439025,189.53189493433396,208.58536585365854,151.4249530956848,152.42776735459663,95.2673545966229,1069.0,15.028571428571428,57.10857142857143,50.095238095238095,92.1752380952381,84.16,59.11238095238095,95.18095238095238,73.13904761904762,525.9999999999999,43.107370678102384,157.3899973197534,193.49767711962835,281.70713302957205,292.74536585365854,210.53733404806576,247.60871973554902,168.4064022156705,1595.0
2019-12-01,30.03076923076923,95.0974358974359,152.15589743589743,187.19179487179488,157.16102564102565,141.14461538461538,128.13128205128206,85.08717948717948,975.9999999999999,7.0,55.0,51.0,70.0,80.0,53.0,67.0,62.0,445.0,37.03076923076923,150.0974358974359,203.15589743589743,257.19179487179485,237.16102564102565,194.14461538461538,195.13128205128206,147.08717948717947,1421.0
2020-01-01,35.20536462699078,139.81559094719196,147.86253143336128,226.32020117351215,201.17351215423304,181.0561609388097,156.91533948030175,111.65129924559933,1200.0,21.0,55.0,43.0,82.0,74.0,66.0,92.0,62.0,495.0,56.20536462699078,194.81559094719196,190.86253143336128,308.32020117351215,275.17351215423304,247.0561609388097,248.91533948030175,173.65129924559932,1695.0
2020-02-01,26.076023391812864,119.34795321637426,138.40350877192984,180.52631578947367,190.55555555555554,153.44736842105263,143.41812865497076,77.22514619883042,1028.9999999999998,25.11574074074074,62.28703703703704,41.18981481481482,61.282407407407405,59.273148148148145,49.226851851851855,69.31944444444444,66.30555555555556,434.0,51.1917641325536,181.6349902534113,179.59332358674465,241.8087231968811,249.8287037037037,202.67422027290448,212.73757309941521,143.53070175438597,1462.9999999999998
2020-03-01,30.023809523809526,142.11269841269842,173.13730158730158,245.19444444444446,221.17539682539683,180.14285714285714,161.12777777777777,108.08571428571429,1261.0,22.043222003929273,58.1139489194499,56.11001964636542,79.15520628683693,79.15520628683693,78.15324165029469,74.14538310412574,63.1237721021611,510.0,52.0670315277388,200.22664733214833,229.247321233667,324.3496507312814,300.33060311223375,258.2960987931518,235.2731608819035,171.2094863878754,1771.0
2020-04-01,31.122287968441814,121.47731755424063,113.44575936883629,151.5956607495069,177.698224852071,159.62721893491124,149.58777120315582,113.44575936883629,1018.0000000000001,16.0,45.0,38.0,71.0,66.0,70.0,88.0,51.0,445.0,47.12228796844181,166.47731755424064,151.4457593688363,222.5956607495069,243.698224852071,229.62721893491124,237.58777120315582,164.4457593688363,1463.0
2020-05-01,35.130353817504655,123.45810055865921,164.61080074487896,186.6927374301676,162.60335195530726,133.49534450651768,162.60335195530726,109.40595903165736,1078.0,15.030864197530864,49.10082304526749,55.11316872427984,65.13374485596708,68.13991769547324,74.1522633744856,86.17695473251028,74.1522633744856,487.0,50.161218015035516,172.5589236039267,219.7239694691588,251.82648228613468,230.74326965078052,207.6476078810033,248.78030668781753,183.55822240614296,1565.0
2020-06-01,44.12488174077578,108.30652790917692,136.3859981078524,171.48533585619677,171.48533585619677,146.41438032166508,173.4910122989593,108.30652790917692,1060.0,28.053949903660886,56.10789980732177,52.10019267822736,82.15799614643545,68.13102119460501,67.12909441233141,91.17533718689788,75.14450867052022,520.0,72.17883164443666,164.4144277164987,188.48619078607976,253.64333200263223,239.61635705080178,213.5434747339965,264.66634948585715,183.45103657969713,1580.0
2020-07-01,39.03310696095076,155.1315789473684,133.11290322580646,215.18251273344652,182.15449915110358,151.12818336162988,175.14855687606112,128.10865874363327,1179.0,23.0,77.0,81.0,74.0,110.0,92.0,103.0,94.0,654.0,62.03310696095076,232.1315789473684,214.11290322580646,289.1825127334465,292.15449915110355,243.12818336162988,278.1485568760611,222.10865874363327,1833.0
2020-08-01,52.08427876823339,172.27876823338735,160.25931928687197,197.3192868719611,203.3290113452188,147.23824959481362,157.2544570502431,146.23662884927066,1235.9999999999998,44.0,77.0,78.0,110.0,107.0,75.0,109.0,77.0,677.0,96.08427876823339,249.27876823338735,238.25931928687197,307.31928687196114,310.32901134521876,222.23824959481362,266.2544570502431,223.23662884927066,1912.9999999999998
2020-09-01,56.181083265966045,182.58852061438967,156.50444624090542,194.62732417138238,209.6758286176233,144.4656426839127,157.5076798706548,139.44947453516573,1241.0000000000002,36.05357142857143,83.1235119047619,78.11607142857143,115.17113095238095,96.14285714285714,87.12946428571429,90.13392857142857,87.12946428571429,673.0000000000001,92.23465469453748,265.71203251915153,234.62051766947684,309.79845512376335,305.81868576048043,231.595106969627,247.6416084420834,226.57893882088,1914.0000000000005
2020-10-01,45.033758439609905,150.11252813203302,194.14553638409603,255.19129782445611,236.17704426106528,163.12228057014252,167.1252813203301,123.09227306826706,1334.0,21.0,111.0,111.0,150.0,133.0,112.0,136.0,102.0,876.0,66.0337584396099,261.11252813203305,305.14553638409603,405.1912978244561,369.17704426106525,275.1222805701425,303.1252813203301,225.09227306826705,2210.0
2020-11-01,47.115102040816325,139.3404081632653,171.41877551020409,213.52163265306123,211.51673469387754,147.36,172.42122448979592,125.3061224489796,1228.0,34.10641627543036,69.21596244131456,67.20970266040689,115.35993740219092,103.32237871674491,83.25978090766823,88.2754303599374,80.25039123630673,641.0,81.22151831624669,208.55637060457985,238.62847817061098,328.88157005525215,314.8391134106224,230.61978090766826,260.6966548497333,205.55651368528632,1869.0
2020-12-01,26.101364522417153,112.43664717348928,140.54580896686159,203.7914230019493,179.69785575048732,141.54970760233917,117.45614035087719,108.42105263157895,1029.9999999999998,26.0,90.0,60.0,89.0,84.0,76.0,85.0,67.0,577.0,52.10136452241716,202.4366471734893,200.54580896686159,292.7914230019493,263.6978557504873,217.54970760233917,202.4561403508772,175.42105263157896,1606.9999999999998
2021-01-01,42.03914259086673,145.13513513513513,134.12488350419386,191.1780055917987,201.18732525629076,132.12301957129543,131.12208760484623,97.09040074557316,1074.0,18.06766917293233,71.26691729323308,62.233082706766915,113.42481203007519,83.31203007518798,61.22932330827068,80.30075187969925,44.16541353383459,534.0,60.10681176379906,216.40205242836822,196.35796621096077,304.6028176218739,284.49935533147874,193.3523428795661,211.42283948454548,141.25581427940776,1608.0
2021-02-01,30.0873786407767,144.41941747572815,145.42233009708738,175.5097087378641,158.46019417475728,138.4019417475728,137.3990291262136,103.3,1033.0,24.046332046332047,72.13899613899613,43.08301158301158,85.16409266409266,93.17953667953668,75.14478764478764,73.14092664092664,53.102316602316606,519.0,54.133710687108746,216.5584136147243,188.50534168009898,260.6738014019568,251.63973085429396,213.54672939236045,210.53995576714024,156.4023166023166,1552.0
2021-03-01,33.165,137.685,152.76,237.18,212.055,173.865,156.78,102.51,1206.0,23.0,85.0,68.0,108.0,93.0,92.0,92.0,78.0,639.0,56.165,222.685,220.76,345.18,305.055,265.865,248.78,180.51,1845.0
2021-04-01,38.170556552962296,145.6508078994614,166.74506283662478,197.8842010771993,184.8258527827648,142.63734290843806,143.64183123877916,99.4443447037702,1119.0,23.0,70.0,56.0,85.0,85.0,74.0,102.0,72.0,567.0,61.170556552962296,215.6508078994614,222.74506283662478,282.8842010771993,269.8258527827648,216.63734290843806,245.64183123877916,171.44434470377018,1686.0
2021-05-01,41.186025408348456,137.62159709618874,143.64882032667876,190.86206896551724,193.87568058076226,144.65335753176043,155.7032667876588,99.4491833030853,1107.0,33.0,77.0,57.0,70.0,88.0,67.0,113.0,84.0,589.0,74.18602540834846,214.62159709618874,200.64882032667876,260.8620689655172,281.87568058076226,211.65335753176043,268.7032667876588,183.4491833030853,1696.0
2021-06-01,31.056312443233423,129.23433242506812,149.2706630336058,200.36330608537693,198.35967302452315,126.22888283378747,145.26339691189827,123.22343324250681,1103.0,33.0,78.0,65.0,79.0,98.0,66.0,93.0,83.0,595.0,64.05631244323342,207.23433242506812,214.2706630336058,279.36330608537696,296.35967302452315,192.22888283378745,238.26339691189827,206.22343324250681,1698.0
